000207.jpg,3,Install front chassis
000207.jpg,6,Install front chassis pin
000536.jpg,9,Install rear chassis
000536.jpg,15,Install front rear chassis pin
000836.jpg,11,Remove rear chassis
000836.jpg,17,Remove front rear chassis pin
000992.jpg,9,Install rear chassis
000992.jpg,15,Install front rear chassis pin
001204.jpg,30,Install rear wheel assy
001488.jpg,22,Incorrectly installed front bracket
001488.jpg,25,Incorrectly installed front bracket screw
001874.jpg,21,Install front bracket
001874.jpg,24,Install front bracket screw
002281.jpg,27,Install front wheel assy
